<?xml version="1.0" encoding="UTF-8"?>
<project-private xmlns="http://www.netbeans.org/ns/project-private/1">
    <editor-bookmarks xmlns="http://www.netbeans.org/ns/editor-bookmarks/2" lastBookmarkId="0"/>
    <open-files xmlns="http://www.netbeans.org/ns/projectui-open-files/2">
        <group>
            <file>file:/C:/Users/Lab-1%20Pc-2/Desktop/POO/PracticaJunio22/src/modelos/Estudiante.java</file>
            <file>file:/C:/Users/Lab-1%20Pc-2/Desktop/POO/PracticaJunio22/src/formularios/FrmEstudiante.java</file>
            <file>file:/C:/Users/Lab-1%20Pc-2/Desktop/POO/PracticaJunio22/src/practicajunio22/PracticaJunio22.java</file>
            <file>file:/C:/Users/Lab-1%20Pc-2/Desktop/POO/PracticaJunio22/src/dao/DaoEstudiante.java</file>
        </group>
    </open-files>
</project-private>
